,KNN acc (1-nn),KNN acc (1-nn),KNN acc (1-nn),KNN acc (10-nn),KNN acc (10-nn),KNN acc (10-nn),trustworthiness,trustworthiness,trustworthiness,proj_time,proj_time,proj_time
,hnne v1,hnne v2,hnne v2 (v1_behaviour),hnne v1,hnne v2,hnne v2 (v1_behaviour),hnne v1,hnne v2,hnne v2 (v1_behaviour),hnne v1,hnne v2,hnne v2 (v1_behaviour)
coil_20,0.960 (±0.014),0.945 (±0.018),0.944 (±0.020),0.909 (±0.025),0.925 (±0.018),0.924 (±0.017),0.9877830152079454,0.989719894475481,0.9898543218497828,541 ms,3s,3s
fmnist,0.815 (±0.005),0.809 (±0.006),0.815 (±0.005),0.841 (±0.005),0.839 (±0.005),0.841 (±0.005),0.9567791266506602,0.9549294962985194,0.9544450455182072,1s,2s,4s
mnist,0.955 (±0.002),0.950 (±0.002),0.955 (±0.002),0.963 (±0.002),0.962 (±0.002),0.964 (±0.002),0.982637900160064,0.9790034853941576,0.9815207943177272,1s,3s,3s
shuttle,0.997 (±0.001),0.996 (±0.001),0.997 (±0.001),0.996 (±0.001),0.995 (±0.001),0.996 (±0.001),0.9678245268107244,0.9669206857743096,0.969370025510204,1s,1s,2s
