,KNN accuracy,KNN accuracy,KNN accuracy,KNN accuracy,,,
,1-nn,3-nn,5-nn,10-nn,trustworthiness,proj_time,finch_time
dataset,,,,,,,
coil_20,0.945 (±0.018),0.958 (±0.016),0.946 (±0.019),0.925 (±0.018),0.989719894475481,3s,260 ms
shuttle,0.996 (±0.001),0.996 (±0.001),0.996 (±0.001),0.995 (±0.001),0.9669206857743097,1s,1s
mnist,0.950 (±0.002),0.963 (±0.002),0.964 (±0.002),0.962 (±0.002),0.9790034853941577,3s,2s
fmnist,0.809 (±0.006),0.833 (±0.004),0.838 (±0.005),0.839 (±0.005),0.9549294962985194,2s,2s
