,KNN accuracy,KNN accuracy,KNN accuracy,KNN accuracy,,,
,1-nn,3-nn,5-nn,10-nn,trustworthiness,proj_time,finch_time
dataset,,,,,,,
coil_20,0.944 (±0.020),0.960 (±0.015),0.946 (±0.019),0.924 (±0.017),0.9898543218497827,3s,263 ms
shuttle,0.997 (±0.001),0.997 (±0.001),0.997 (±0.001),0.996 (±0.001),0.9693700255102041,2s,1s
mnist,0.955 (±0.002),0.965 (±0.002),0.966 (±0.002),0.964 (±0.002),0.9815207943177271,3s,2s
fmnist,0.815 (±0.005),0.836 (±0.005),0.841 (±0.005),0.841 (±0.005),0.9544450455182073,4s,2s
