,KNN accuracy,KNN accuracy,KNN accuracy,KNN accuracy,,,
,1-nn,3-nn,5-nn,10-nn,trustworthiness,proj_time,finch_time
dataset,,,,,,,
coil_20,0.960 (±0.014),0.972 (±0.012),0.948 (±0.018),0.909 (±0.025),0.9877830152079454,541 ms,262 ms
shuttle,0.997 (±0.001),0.997 (±0.001),0.997 (±0.001),0.996 (±0.001),0.9678245268107243,1s,1s
mnist,0.955 (±0.002),0.965 (±0.002),0.965 (±0.002),0.963 (±0.002),0.982637900160064,1s,2s
fmnist,0.815 (±0.005),0.836 (±0.005),0.841 (±0.005),0.841 (±0.005),0.9567791266506602,1s,2s
